{"total_spend_galactic":151201216.35272926,"rows_affected":303100,"less_spent_at":181,"big_spent_at":43,"less_spent_value":228109.82492818148,"big_spent_value":588638.5993788167,"average_spend_galactic":498.8492786299217,"big_spent_civ":"blobs","less_spent_civ":"humans","ivalid_rows":0}